gameId,gameDate,hometeamCity,hometeamName,hometeamId,awayteamCity,awayteamName,awayteamId,homeScore,awayScore,winner,arenaId,attendance,gameType,tournamentRound
22400516,2025-01-08 21:30:00,Milwaukee,Bucks,1610612749,San Antonio,Spurs,1610612759,121,105,1610612749,,17341.0,,
22400515,2025-01-08 21:00:00,Denver,Nuggets,1610612743,Los Angeles,Clippers,1610612746,126,103,1610612743,,19711.0,,
22400514,2025-01-08 20:00:00,New Orleans,Pelicans,1610612740,Portland,Trail Blazers,1610612757,100,119,1610612757,,16425.0,,
22400513,2025-01-08 19:30:00,Brooklyn,Nets,1610612751,Detroit,Pistons,1610612765,98,113,1610612765,,16098.0,,
22400511,2025-01-08 19:30:00,New York,Knicks,1610612752,Toronto,Raptors,1610612761,112,98,1610612752,,19812.0,,
22400512,2025-01-08 19:00:00,Philadelphia,76ers,1610612755,Washington,Wizards,1610612764,109,103,1610612755,,19762.0,,
22400510,2025-01-08 19:00:00,Indiana,Pacers,1610612754,Chicago,Bulls,1610612741,129,113,1610612754,,16758.0,,
22400509,2025-01-08 19:00:00,Cleveland,Cavaliers,1610612739,Oklahoma City,Thunder,1610612760,129,122,1610612739,,19432.0,,
22400508,2025-01-07 22:00:00,Golden State,Warriors,1610612744,Miami,Heat,1610612748,98,114,1610612748,,18064.0,,
22400507,2025-01-07 22:00:00,Denver,Nuggets,1610612743,Boston,Celtics,1610612738,106,118,1610612738,,19904.0,,
22400506,2025-01-07 21:00:00,Utah,Jazz,1610612762,Atlanta,Hawks,1610612737,121,124,1610612737,,18175.0,,
22400505,2025-01-07 20:00:00,New Orleans,Pelicans,1610612740,Minnesota,Timberwolves,1610612750,97,104,1610612750,,16282.0,,
22400504,2025-01-07 19:30:00,Dallas,Mavericks,1610612742,Los Angeles,Lakers,1610612747,118,97,1610612742,,20126.0,,
22400503,2025-01-07 19:00:00,Washington,Wizards,1610612764,Houston,Rockets,1610612745,112,135,1610612745,,12930.0,,
22400502,2025-01-07 19:00:00,Charlotte,Hornets,1610612766,Phoenix,Suns,1610612756,115,104,1610612766,,16647.0,,
22400501,2025-01-06 22:00:00,Sacramento,Kings,1610612758,Miami,Heat,1610612748,123,118,1610612758,,17832.0,,
22400500,2025-01-06 20:00:00,Minnesota,Timberwolves,1610612750,Los Angeles,Clippers,1610612746,108,106,1610612750,,18978.0,,
22400499,2025-01-06 20:00:00,Memphis,Grizzlies,1610612763,Dallas,Mavericks,1610612742,119,104,1610612763,,16412.0,,
22400498,2025-01-06 20:00:00,Chicago,Bulls,1610612741,San Antonio,Spurs,1610612759,114,110,1610612741,,18886.0,,
22400497,2025-01-06 19:30:00,Toronto,Raptors,1610612761,Milwaukee,Bucks,1610612749,104,128,1610612749,,17829.0,,
22400496,2025-01-06 19:30:00,New York,Knicks,1610612752,Orlando,Magic,1610612753,94,103,1610612753,,19812.0,,
22400495,2025-01-06 19:30:00,Brooklyn,Nets,1610612751,Indiana,Pacers,1610612754,99,113,1610612754,,16088.0,,
22400494,2025-01-06 19:00:00,Philadelphia,76ers,1610612755,Phoenix,Suns,1610612756,99,109,1610612756,,19791.0,,
22400493,2025-01-06 19:00:00,Detroit,Pistons,1610612765,Portland,Trail Blazers,1610612757,118,115,1610612765,,16002.0,,
22400492,2025-01-05 20:30:00,Golden State,Warriors,1610612744,Sacramento,Kings,1610612758,99,129,1610612758,,18064.0,,
22400491,2025-01-05 19:00:00,Houston,Rockets,1610612745,Los Angeles,Lakers,1610612747,119,115,1610612745,,18055.0,,
22400490,2025-01-05 18:30:00,Orlando,Magic,1610612753,Utah,Jazz,1610612762,92,105,1610612762,,19198.0,,
22400489,2025-01-05 18:00:00,Washington,Wizards,1610612764,New Orleans,Pelicans,1610612740,98,110,1610612740,,15451.0,,
22400488,2025-01-05 18:00:00,Cleveland,Cavaliers,1610612739,Charlotte,Hornets,1610612766,115,105,1610612739,,19432.0,,
22400487,2025-01-05 15:30:00,Oklahoma City,Thunder,1610612760,Boston,Celtics,1610612738,105,92,1610612760,,18203.0,,
22400486,2025-01-04 22:30:00,Los Angeles,Clippers,1610612746,Atlanta,Hawks,1610612737,131,105,1610612746,,17927.0,,
22400485,2025-01-04 20:30:00,Golden State,Warriors,1610612744,Memphis,Grizzlies,1610612763,121,113,1610612744,,18064.0,,
22400484,2025-01-04 20:00:00,San Antonio,Spurs,1610612759,Denver,Nuggets,1610612743,111,122,1610612743,,19038.0,,
22400483,2025-01-04 20:00:00,Milwaukee,Bucks,1610612749,Portland,Trail Blazers,1610612757,102,105,1610612757,,17595.0,,
22400482,2025-01-04 20:00:00,Chicago,Bulls,1610612741,New York,Knicks,1610612752,139,126,1610612741,,22491.0,,
22400481,2025-01-04 20:00:00,Miami,Heat,1610612748,Utah,Jazz,1610612762,100,136,1610612762,,19934.0,,
22400480,2025-01-04 19:00:00,Indiana,Pacers,1610612754,Phoenix,Suns,1610612756,126,108,1610612754,,17274.0,,
22400479,2025-01-04 19:00:00,Detroit,Pistons,1610612765,Minnesota,Timberwolves,1610612750,119,105,1610612765,,20062.0,,
22400478,2025-01-04 18:00:00,Brooklyn,Nets,1610612751,Philadelphia,76ers,1610612755,94,123,1610612755,,17926.0,,
22400477,2025-01-03 22:30:00,Los Angeles,Lakers,1610612747,Atlanta,Hawks,1610612737,119,102,1610612747,,18997.0,,
22400476,2025-01-03 22:00:00,Sacramento,Kings,1610612758,Memphis,Grizzlies,1610612763,138,133,1610612758,,16601.0,,
22400475,2025-01-03 21:00:00,Denver,Nuggets,1610612743,San Antonio,Spurs,1610612759,110,113,1610612759,,19922.0,,
22400474,2025-01-03 20:30:00,Dallas,Mavericks,1610612742,Cleveland,Cavaliers,1610612739,122,134,1610612739,,20231.0,,
22400473,2025-01-03 20:00:00,Oklahoma City,Thunder,1610612760,New York,Knicks,1610612752,117,107,1610612760,,18203.0,,
22400472,2025-01-03 20:00:00,New Orleans,Pelicans,1610612740,Washington,Wizards,1610612764,132,120,1610612740,,17307.0,,
22400471,2025-01-03 20:00:00,Houston,Rockets,1610612745,Boston,Celtics,1610612738,86,109,1610612738,,18055.0,,
22400470,2025-01-03 19:30:00,Toronto,Raptors,1610612761,Orlando,Magic,1610612753,97,106,1610612753,,19278.0,,
22400469,2025-01-03 19:00:00,Detroit,Pistons,1610612765,Charlotte,Hornets,1610612766,98,94,1610612765,,18866.0,,
22400468,2025-01-02 22:30:00,Los Angeles,Lakers,1610612747,Portland,Trail Blazers,1610612757,114,106,1610612747,,17812.0,,
22400467,2025-01-02 22:00:00,Golden State,Warriors,1610612744,Philadelphia,76ers,1610612755,139,105,1610612744,,18064.0,,
22400466,2025-01-02 20:00:00,Oklahoma City,Thunder,1610612760,Los Angeles,Clippers,1610612746,116,98,1610612760,,18203.0,,
22400465,2025-01-02 20:00:00,Milwaukee,Bucks,1610612749,Brooklyn,Nets,1610612751,110,113,1610612751,,17341.0,,
22400464,2025-01-02 19:30:00,Minnesota,Timberwolves,1610612750,Boston,Celtics,1610612738,115,118,1610612738,,18978.0,,
22400463,2025-01-02 19:30:00,Miami,Heat,1610612748,Indiana,Pacers,1610612754,115,128,1610612754,,19959.0,,
22400462,2025-01-01 22:00:00,Sacramento,Kings,1610612758,Philadelphia,76ers,1610612755,113,107,1610612758,,16024.0,,
22400461,2025-01-01 21:00:00,Denver,Nuggets,1610612743,Atlanta,Hawks,1610612737,139,120,1610612743,,19902.0,,
22400460,2025-01-01 20:00:00,Houston,Rockets,1610612745,Dallas,Mavericks,1610612742,110,99,1610612745,,18055.0,,
22400459,2025-01-01 19:30:00,Toronto,Raptors,1610612761,Brooklyn,Nets,1610612751,130,113,1610612761,,19104.0,,
22400458,2025-01-01 19:30:00,New York,Knicks,1610612752,Utah,Jazz,1610612762,119,103,1610612752,,19812.0,,
22400457,2025-01-01 19:30:00,Miami,Heat,1610612748,New Orleans,Pelicans,1610612740,119,108,1610612748,,20013.0,,
22400456,2025-01-01 19:00:00,Washington,Wizards,1610612764,Chicago,Bulls,1610612741,125,107,1610612764,,16298.0,,
22400455,2025-01-01 19:00:00,Detroit,Pistons,1610612765,Orlando,Magic,1610612753,105,96,1610612765,,19399.0,,
22400454,2024-12-31 21:00:00,Los Angeles,Lakers,1610612747,Cleveland,Cavaliers,1610612739,110,122,1610612739,,18997.0,,
22400453,2024-12-31 21:00:00,Phoenix,Suns,1610612756,Memphis,Grizzlies,1610612763,112,117,1610612763,,17071.0,,
22400452,2024-12-31 20:00:00,Oklahoma City,Thunder,1610612760,Minnesota,Timberwolves,1610612750,113,105,1610612760,,18203.0,,
22400451,2024-12-31 19:00:00,San Antonio,Spurs,1610612759,Los Angeles,Clippers,1610612746,122,86,1610612759,,18690.0,,
22400450,2024-12-31 15:00:00,Indiana,Pacers,1610612754,Milwaukee,Bucks,1610612749,112,120,1610612749,,17274.0,,
22400449,2024-12-31 15:00:00,Boston,Celtics,1610612738,Toronto,Raptors,1610612761,125,71,1610612738,,19156.0,,
22400448,2024-12-30 22:00:00,Sacramento,Kings,1610612758,Dallas,Mavericks,1610612742,110,100,1610612758,,,,
22400447,2024-12-30 22:00:00,Portland,Trail Blazers,1610612757,Philadelphia,76ers,1610612755,103,125,1610612755,,16721.0,,
22400446,2024-12-30 22:00:00,Golden State,Warriors,1610612744,Cleveland,Cavaliers,1610612739,95,113,1610612739,,18064.0,,
22400445,2024-12-30 21:00:00,Utah,Jazz,1610612762,Denver,Nuggets,1610612743,121,132,1610612743,,18175.0,,
22400444,2024-12-30 20:00:00,New Orleans,Pelicans,1610612740,Los Angeles,Clippers,1610612746,113,116,1610612746,,17303.0,,
22400443,2024-12-30 19:00:00,Washington,Wizards,1610612764,New York,Knicks,1610612752,106,126,1610612752,,20385.0,,
22400442,2024-12-30 19:00:00,Charlotte,Hornets,1610612766,Chicago,Bulls,1610612741,108,115,1610612741,,19197.0,,
22400441,2024-12-29 21:00:00,Minnesota,Timberwolves,1610612750,San Antonio,Spurs,1610612759,112,110,1610612750,,18978.0,,
22400440,2024-12-29 19:00:00,Oklahoma City,Thunder,1610612760,Memphis,Grizzlies,1610612763,130,106,1610612760,,18203.0,,
22400439,2024-12-29 19:00:00,Houston,Rockets,1610612745,Miami,Heat,1610612748,100,104,1610612748,,18055.0,,
22400438,2024-12-29 18:00:00,Toronto,Raptors,1610612761,Atlanta,Hawks,1610612737,107,136,1610612737,,19359.0,,
22400437,2024-12-29 18:00:00,Boston,Celtics,1610612738,Indiana,Pacers,1610612754,114,123,1610612754,,19156.0,,
22400436,2024-12-29 15:30:00,Orlando,Magic,1610612753,Brooklyn,Nets,1610612751,102,101,1610612753,,19397.0,,
22400435,2024-12-28 22:30:00,Los Angeles,Lakers,1610612747,Sacramento,Kings,1610612758,132,122,1610612747,,18997.0,,
22400434,2024-12-28 22:00:00,Portland,Trail Blazers,1610612757,Dallas,Mavericks,1610612742,126,122,1610612757,,19335.0,,
22400433,2024-12-28 21:30:00,Utah,Jazz,1610612762,Philadelphia,76ers,1610612755,111,114,1610612755,,18175.0,,
22400432,2024-12-28 21:00:00,Denver,Nuggets,1610612743,Detroit,Pistons,1610612765,134,121,1610612743,,19876.0,,
22400431,2024-12-28 20:30:00,Golden State,Warriors,1610612744,Phoenix,Suns,1610612756,109,105,1610612744,,18064.0,,
22400430,2024-12-28 20:00:00,Chicago,Bulls,1610612741,Milwaukee,Bucks,1610612749,116,111,1610612741,,21511.0,,
22400429,2024-12-28 19:00:00,Washington,Wizards,1610612764,New York,Knicks,1610612752,132,136,1610612752,,20385.0,,
22400428,2024-12-28 18:00:00,Charlotte,Hornets,1610612766,Oklahoma City,Thunder,1610612760,94,106,1610612760,,19325.0,,
22400427,2024-12-28 15:00:00,Atlanta,Hawks,1610612737,Miami,Heat,1610612748,120,110,1610612737,,17856.0,,
22400426,2024-12-27 22:00:00,Los Angeles,Clippers,1610612746,Golden State,Warriors,1610612744,102,92,1610612746,,17927.0,,
22400425,2024-12-27 21:00:00,Phoenix,Suns,1610612756,Dallas,Mavericks,1610612742,89,98,1610612742,,17071.0,,
22400424,2024-12-27 21:00:00,Denver,Nuggets,1610612743,Cleveland,Cavaliers,1610612739,135,149,1610612739,,19952.0,,
22400423,2024-12-27 20:00:00,New Orleans,Pelicans,1610612740,Memphis,Grizzlies,1610612763,124,132,1610612763,,17328.0,,
22400422,2024-12-27 20:00:00,Houston,Rockets,1610612745,Minnesota,Timberwolves,1610612750,112,113,1610612750,,18055.0,,
22400421,2024-12-27 19:30:00,Brooklyn,Nets,1610612751,San Antonio,Spurs,1610612759,87,96,1610612759,,17990.0,,
22400420,2024-12-27 19:30:00,Boston,Celtics,1610612738,Indiana,Pacers,1610612754,142,105,1610612738,,19156.0,,
22400419,2024-12-27 19:00:00,Orlando,Magic,1610612753,New York,Knicks,1610612752,85,108,1610612752,,18961.0,,
22400418,2024-12-26 22:00:00,Sacramento,Kings,1610612758,Detroit,Pistons,1610612765,113,114,1610612765,,17832.0,,
22400417,2024-12-26 22:00:00,Portland,Trail Blazers,1610612757,Utah,Jazz,1610612762,122,120,1610612757,,16934.0,,
22400416,2024-12-26 20:00:00,New Orleans,Pelicans,1610612740,Houston,Rockets,1610612745,111,128,1610612745,,16052.0,,
22400415,2024-12-26 20:00:00,Milwaukee,Bucks,1610612749,Brooklyn,Nets,1610612751,105,111,1610612751,,17957.0,,
22400414,2024-12-26 20:00:00,Memphis,Grizzlies,1610612763,Toronto,Raptors,1610612761,155,126,1610612763,,17196.0,,
22400413,2024-12-26 19:30:00,Atlanta,Hawks,1610612737,Chicago,Bulls,1610612741,141,133,1610612737,,17760.0,,
22400412,2024-12-26 19:00:00,Washington,Wizards,1610612764,Charlotte,Hornets,1610612766,113,110,1610612764,,17193.0,,
22400411,2024-12-26 19:00:00,Orlando,Magic,1610612753,Miami,Heat,1610612748,88,89,1610612748,,18846.0,,
22400410,2024-12-26 19:00:00,Indiana,Pacers,1610612754,Oklahoma City,Thunder,1610612760,114,120,1610612760,,17274.0,,
22400409,2024-12-25 22:30:00,Phoenix,Suns,1610612756,Denver,Nuggets,1610612743,110,100,1610612756,,17071.0,,
22400408,2024-12-25 20:00:00,Golden State,Warriors,1610612744,Los Angeles,Lakers,1610612747,113,115,1610612747,,18064.0,,
22400407,2024-12-25 17:00:00,Boston,Celtics,1610612738,Philadelphia,76ers,1610612755,114,118,1610612755,,19156.0,,
22400406,2024-12-25 14:30:00,Dallas,Mavericks,1610612742,Minnesota,Timberwolves,1610612750,99,105,1610612750,,20341.0,,
22400405,2024-12-25 12:00:00,New York,Knicks,1610612752,San Antonio,Spurs,1610612759,117,114,1610612752,,19812.0,,
22400404,2024-12-23 22:30:00,Los Angeles,Lakers,1610612747,Detroit,Pistons,1610612765,114,117,1610612765,,18997.0,,
22400403,2024-12-23 22:00:00,Golden State,Warriors,1610612744,Indiana,Pacers,1610612754,105,111,1610612754,,18064.0,,
22400402,2024-12-23 22:00:00,Denver,Nuggets,1610612743,Phoenix,Suns,1610612756,117,90,1610612743,,19910.0,,
22400401,2024-12-23 20:30:00,Dallas,Mavericks,1610612742,Portland,Trail Blazers,1610612757,132,108,1610612742,,20225.0,,
22400400,2024-12-23 20:00:00,Oklahoma City,Thunder,1610612760,Washington,Wizards,1610612764,123,105,1610612760,,18203.0,,
22400399,2024-12-23 20:00:00,Memphis,Grizzlies,1610612763,Los Angeles,Clippers,1610612746,110,114,1610612746,,17265.0,,
22400398,2024-12-23 20:00:00,Chicago,Bulls,1610612741,Milwaukee,Bucks,1610612749,91,112,1610612749,,21234.0,,
22400397,2024-12-23 19:30:00,New York,Knicks,1610612752,Toronto,Raptors,1610612761,139,125,1610612752,,19812.0,,
22400396,2024-12-23 19:30:00,Miami,Heat,1610612748,Brooklyn,Nets,1610612751,110,95,1610612748,,19832.0,,
22400395,2024-12-23 19:30:00,Atlanta,Hawks,1610612737,Minnesota,Timberwolves,1610612750,117,104,1610612737,,17051.0,,
22400394,2024-12-23 19:00:00,Philadelphia,76ers,1610612755,San Antonio,Spurs,1610612759,111,106,1610612755,,19986.0,,
22400393,2024-12-23 19:00:00,Orlando,Magic,1610612753,Boston,Celtics,1610612738,108,104,1610612753,,18846.0,,
22400392,2024-12-23 19:00:00,Cleveland,Cavaliers,1610612739,Utah,Jazz,1610612762,124,113,1610612739,,19432.0,,
22400391,2024-12-23 19:00:00,Charlotte,Hornets,1610612766,Houston,Rockets,1610612745,101,114,1610612745,,19134.0,,
22400390,2024-12-22 19:00:00,New Orleans,Pelicans,1610612740,Denver,Nuggets,1610612743,129,132,1610612743,,17474.0,,
22400389,2024-12-22 18:00:00,Sacramento,Kings,1610612758,Indiana,Pacers,1610612754,95,122,1610612754,,17832.0,,
22400388,2024-12-22 18:00:00,Toronto,Raptors,1610612761,Houston,Rockets,1610612745,110,114,1610612745,,19305.0,,
22400387,2024-12-21 21:00:00,Phoenix,Suns,1610612756,Detroit,Pistons,1610612765,125,133,1610612765,,17071.0,,
22400386,2024-12-21 20:30:00,San Antonio,Spurs,1610612759,Portland,Trail Blazers,1610612757,114,94,1610612759,,18354.0,,
22400385,2024-12-21 20:30:00,Dallas,Mavericks,1610612742,Los Angeles,Clippers,1610612746,113,97,1610612742,,20102.0,,
22400384,2024-12-21 20:00:00,New Orleans,Pelicans,1610612740,New York,Knicks,1610612752,93,104,1610612752,,16696.0,,
22400383,2024-12-21 20:00:00,Minnesota,Timberwolves,1610612750,Golden State,Warriors,1610612744,103,113,1610612744,,18978.0,,
22400382,2024-12-21 20:00:00,Milwaukee,Bucks,1610612749,Washington,Wizards,1610612764,112,101,1610612749,,17341.0,,
22400381,2024-12-21 20:00:00,Chicago,Bulls,1610612741,Boston,Celtics,1610612738,98,123,1610612738,,19803.0,,
22400380,2024-12-21 20:00:00,Cleveland,Cavaliers,1610612739,Philadelphia,76ers,1610612755,126,99,1610612739,,19432.0,,
22400379,2024-12-21 19:30:00,Brooklyn,Nets,1610612751,Utah,Jazz,1610612762,94,105,1610612762,,17926.0,,
22400378,2024-12-21 19:30:00,Atlanta,Hawks,1610612737,Memphis,Grizzlies,1610612763,112,128,1610612763,,16909.0,,
22400377,2024-12-21 19:00:00,Orlando,Magic,1610612753,Miami,Heat,1610612748,121,114,1610612753,,18080.0,,
22400376,2024-12-21 18:00:00,Sacramento,Kings,1610612758,Los Angeles,Lakers,1610612747,99,103,1610612747,,17832.0,,
22400375,2024-12-20 20:00:00,Miami,Heat,1610612748,Oklahoma City,Thunder,1610612760,97,104,1610612760,,19801.0,,
22400374,2024-12-20 19:30:00,Cleveland,Cavaliers,1610612739,Milwaukee,Bucks,1610612749,124,101,1610612739,,19432.0,,
22400373,2024-12-20 19:00:00,Philadelphia,76ers,1610612755,Charlotte,Hornets,1610612766,108,98,1610612755,,20291.0,,
22400372,2024-12-19 22:00:00,Sacramento,Kings,1610612758,Los Angeles,Lakers,1610612747,100,113,1610612747,,17832.0,,
22400371,2024-12-19 22:00:00,Portland,Trail Blazers,1610612757,Denver,Nuggets,1610612743,126,124,1610612757,,16753.0,,
22400367,2024-12-19 21:30:00,Minnesota,Timberwolves,1610612750,New York,Knicks,1610612752,107,133,1610612752,,18978.0,,
22400369,2024-12-19 21:00:00,Phoenix,Suns,1610612756,Indiana,Pacers,1610612754,111,120,1610612754,,17071.0,,
22400368,2024-12-19 20:30:00,Dallas,Mavericks,1610612742,Los Angeles,Clippers,1610612746,95,118,1610612746,,20044.0,,
22400370,2024-12-19 20:00:00,San Antonio,Spurs,1610612759,Atlanta,Hawks,1610612737,133,126,1610612759,,17852.0,,
22400366,2024-12-19 20:00:00,Memphis,Grizzlies,1610612763,Golden State,Warriors,1610612744,144,93,1610612763,,17729.0,,
22400365,2024-12-19 20:00:00,Houston,Rockets,1610612745,New Orleans,Pelicans,1610612740,133,113,1610612745,,18055.0,,
22400364,2024-12-19 19:30:00,Toronto,Raptors,1610612761,Brooklyn,Nets,1610612751,94,101,1610612751,,19214.0,,
22400363,2024-12-19 19:30:00,Boston,Celtics,1610612738,Chicago,Bulls,1610612741,108,117,1610612741,,19156.0,,
22400362,2024-12-19 19:00:00,Washington,Wizards,1610612764,Charlotte,Hornets,1610612766,123,114,1610612764,,15256.0,,
22400361,2024-12-19 19:00:00,Orlando,Magic,1610612753,Oklahoma City,Thunder,1610612760,99,105,1610612760,,18896.0,,
22400360,2024-12-19 19:00:00,Detroit,Pistons,1610612765,Utah,Jazz,1610612762,119,126,1610612762,,18022.0,,
62400001,2024-12-17 20:30:00,Oklahoma City,Thunder,1610612760,Milwaukee,Bucks,1610612749,81,97,1610612749,,18519.0,,
22401226,2024-12-16 22:30:00,Los Angeles,Clippers,1610612746,Utah,Jazz,1610612762,144,107,1610612746,,14651.0,,
22401225,2024-12-16 22:00:00,Sacramento,Kings,1610612758,Denver,Nuggets,1610612743,129,130,1610612743,,16936.0,,
22401224,2024-12-16 19:30:00,Brooklyn,Nets,1610612751,Cleveland,Cavaliers,1610612739,101,130,1610612739,,16588.0,,
22401223,2024-12-16 19:30:00,Toronto,Raptors,1610612761,Chicago,Bulls,1610612741,121,122,1610612741,,16324.0,,
22401222,2024-12-16 19:00:00,Charlotte,Hornets,1610612766,Philadelphia,76ers,1610612755,108,121,1610612755,,14677.0,,
22401221,2024-12-16 19:00:00,Detroit,Pistons,1610612765,Miami,Heat,1610612748,125,124,1610612765,,17810.0,,
22401220,2024-12-15 21:30:00,Los Angeles,Lakers,1610612747,Memphis,Grizzlies,1610612763,116,110,1610612747,,15106.0,,
22401228,2024-12-15 20:30:00,Golden State,Warriors,1610612744,Dallas,Mavericks,1610612742,133,143,1610612742,,18064.0,,
22401219,2024-12-15 20:00:00,Phoenix,Suns,1610612756,Portland,Trail Blazers,1610612757,116,109,1610612756,,17071.0,,
22401218,2024-12-15 19:00:00,San Antonio,Spurs,1610612759,Minnesota,Timberwolves,1610612750,92,106,1610612750,,16816.0,,
22401227,2024-12-15 18:00:00,Orlando,Magic,1610612753,New York,Knicks,1610612752,91,100,1610612752,,17029.0,,
22401217,2024-12-15 18:00:00,Washington,Wizards,1610612764,Boston,Celtics,1610612738,98,112,1610612738,,16227.0,,
22401216,2024-12-15 17:00:00,Indiana,Pacers,1610612754,New Orleans,Pelicans,1610612740,119,104,1610612754,,16792.0,,
22401230,2024-12-14 20:30:00,Oklahoma City,Thunder,1610612760,Houston,Rockets,1610612745,111,96,1610612760,,17937.0,,
22401229,2024-12-14 16:30:00,Milwaukee,Bucks,1610612749,Atlanta,Hawks,1610612737,110,102,1610612749,,17113.0,,
22401215,2024-12-13 22:00:00,Portland,Trail Blazers,1610612757,San Antonio,Spurs,1610612759,116,118,1610612759,,17025.0,,
22401214,2024-12-13 21:30:00,Utah,Jazz,1610612762,Phoenix,Suns,1610612756,126,134,1610612756,,18175.0,,
22401213,2024-12-13 21:00:00,Denver,Nuggets,1610612743,Los Angeles,Clippers,1610612746,120,98,1610612743,,19779.0,,
22401212,2024-12-13 20:00:00,Chicago,Bulls,1610612741,Charlotte,Hornets,1610612766,109,95,1610612741,,19543.0,,
22401211,2024-12-13 20:00:00,Memphis,Grizzlies,1610612763,Brooklyn,Nets,1610612751,135,119,1610612763,,15983.0,,
22401210,2024-12-13 20:00:00,Minnesota,Timberwolves,1610612750,Los Angeles,Lakers,1610612747,97,87,1610612750,,18978.0,,
22401209,2024-12-13 19:00:00,Philadelphia,76ers,1610612755,Indiana,Pacers,1610612754,107,121,1610612754,,19771.0,,
22401208,2024-12-13 19:00:00,Cleveland,Cavaliers,1610612739,Washington,Wizards,1610612764,115,105,1610612739,,19432.0,,
22401207,2024-12-12 20:00:00,New Orleans,Pelicans,1610612740,Sacramento,Kings,1610612758,109,111,1610612758,,15488.0,,
22401206,2024-12-12 19:30:00,Miami,Heat,1610612748,Toronto,Raptors,1610612761,114,104,1610612748,,19600.0,,
22401205,2024-12-12 19:30:00,Boston,Celtics,1610612738,Detroit,Pistons,1610612765,123,99,1610612738,,19156.0,,
22401204,2024-12-11 21:30:00,Houston,Rockets,1610612745,Golden State,Warriors,1610612744,91,90,1610612745,215.0,18055.0,,
22401202,2024-12-11 19:00:00,New York,Knicks,1610612752,Atlanta,Hawks,1610612737,100,108,1610612737,30.0,19812.0,,
22401203,2024-12-10 21:30:00,Oklahoma City,Thunder,1610612760,Dallas,Mavericks,1610612742,118,104,1610612760,1000052.0,17724.0,,
22401201,2024-12-10 19:00:00,Milwaukee,Bucks,1610612749,Orlando,Magic,1610612753,114,109,1610612749,642.0,17341.0,,
22400359,2024-12-09 19:30:00,Toronto,Raptors,1610612761,New York,Knicks,1610612752,108,113,1610612752,643.0,18284.0,,
22400358,2024-12-08 21:30:00,Los Angeles,Lakers,1610612747,Portland,Trail Blazers,1610612757,107,98,1610612747,1000069.0,18997.0,,
22400357,2024-12-08 21:00:00,Sacramento,Kings,1610612758,Utah,Jazz,1610612762,141,97,1610612758,609.0,15706.0,,
22400356,2024-12-08 21:00:00,Los Angeles,Clippers,1610612746,Houston,Rockets,1610612745,106,117,1610612745,1000137.0,14782.0,,
22400355,2024-12-08 20:30:00,Golden State,Warriors,1610612744,Minnesota,Timberwolves,1610612750,114,106,1610612744,1000011.0,18064.0,,
22400354,2024-12-08 19:00:00,San Antonio,Spurs,1610612759,New Orleans,Pelicans,1610612740,121,116,1610612759,1000118.0,16840.0,,
22400353,2024-12-08 19:00:00,Washington,Wizards,1610612764,Memphis,Grizzlies,1610612763,112,140,1610612763,77.0,15012.0,,
22400352,2024-12-08 18:30:00,Orlando,Magic,1610612753,Phoenix,Suns,1610612756,115,110,1610612753,1000125.0,18311.0,,
22400351,2024-12-08 18:00:00,Miami,Heat,1610612748,Cleveland,Cavaliers,1610612739,122,113,1610612748,1000100.0,19600.0,,
22400350,2024-12-08 18:00:00,Atlanta,Hawks,1610612737,Denver,Nuggets,1610612743,111,141,1610612743,650.0,16137.0,,
22400349,2024-12-08 17:00:00,Indiana,Pacers,1610612754,Charlotte,Hornets,1610612766,109,113,1610612766,1000063.0,17274.0,,
22400348,2024-12-08 15:30:00,Brooklyn,Nets,1610612751,Milwaukee,Bucks,1610612749,113,118,1610612749,461.0,17926.0,,
22400347,2024-12-08 13:00:00,Chicago,Bulls,1610612741,Philadelphia,76ers,1610612755,100,108,1610612755,66.0,18837.0,,
22400346,2024-12-07 20:00:00,Miami,Heat,1610612748,Phoenix,Suns,1610612756,121,111,1610612748,1000100.0,19600.0,,
22400345,2024-12-07 20:00:00,Boston,Celtics,1610612738,Memphis,Grizzlies,1610612763,121,127,1610612763,17.0,19156.0,,
22400344,2024-12-07 19:30:00,Toronto,Raptors,1610612761,Dallas,Mavericks,1610612742,118,125,1610612742,643.0,19625.0,,
22400343,2024-12-07 19:30:00,New York,Knicks,1610612752,Detroit,Pistons,1610612765,111,120,1610612765,30.0,19812.0,,
22400342,2024-12-07 19:00:00,New Orleans,Pelicans,1610612740,Oklahoma City,Thunder,1610612760,109,119,1610612760,160.0,15718.0,,
22400341,2024-12-07 19:00:00,Washington,Wizards,1610612764,Denver,Nuggets,1610612743,122,113,1610612764,77.0,16182.0,,
22400340,2024-12-07 13:00:00,Charlotte,Hornets,1610612766,Cleveland,Cavaliers,1610612739,102,116,1610612739,9.0,18832.0,,
22400339,2024-12-06 22:00:00,Portland,Trail Blazers,1610612757,Utah,Jazz,1610612762,99,141,1610612762,51.0,16446.0,,
22400338,2024-12-06 22:00:00,Golden State,Warriors,1610612744,Minnesota,Timberwolves,1610612750,90,107,1610612750,1000011.0,18064.0,,
22400337,2024-12-06 20:00:00,San Antonio,Spurs,1610612759,Sacramento,Kings,1610612758,113,140,1610612758,1000118.0,16796.0,,
22400336,2024-12-06 20:00:00,Chicago,Bulls,1610612741,Indiana,Pacers,1610612754,123,132,1610612754,66.0,19544.0,,
22400335,2024-12-06 19:30:00,Boston,Celtics,1610612738,Milwaukee,Bucks,1610612749,111,105,1610612738,17.0,19156.0,,
22400334,2024-12-06 19:30:00,Atlanta,Hawks,1610612737,Los Angeles,Lakers,1610612747,134,132,1610612737,650.0,18040.0,,
22400333,2024-12-06 19:00:00,Philadelphia,76ers,1610612755,Orlando,Magic,1610612753,102,94,1610612755,419.0,19802.0,,
22400332,2024-12-05 22:00:00,Golden State,Warriors,1610612744,Houston,Rockets,1610612745,99,93,1610612744,1000011.0,18064.0,,
22400331,2024-12-05 20:00:00,San Antonio,Spurs,1610612759,Chicago,Bulls,1610612741,124,139,1610612741,1000118.0,17720.0,,
22400330,2024-12-05 20:00:00,New Orleans,Pelicans,1610612740,Phoenix,Suns,1610612756,126,124,1610612740,160.0,16365.0,,
22400329,2024-12-05 20:00:00,Memphis,Grizzlies,1610612763,Sacramento,Kings,1610612758,115,110,1610612763,242.0,15776.0,,
22400328,2024-12-05 19:30:00,Toronto,Raptors,1610612761,Oklahoma City,Thunder,1610612760,92,129,1610612760,643.0,18356.0,,
22400327,2024-12-05 19:30:00,New York,Knicks,1610612752,Charlotte,Hornets,1610612766,125,101,1610612752,30.0,19812.0,,
22400326,2024-12-05 19:00:00,Washington,Wizards,1610612764,Dallas,Mavericks,1610612742,101,137,1610612742,77.0,15921.0,,
22400325,2024-12-05 19:00:00,Cleveland,Cavaliers,1610612739,Denver,Nuggets,1610612743,126,114,1610612739,1000006.0,19432.0,,
22400324,2024-12-04 22:30:00,Los Angeles,Clippers,1610612746,Minnesota,Timberwolves,1610612750,80,108,1610612750,1000137.0,15111.0,,
22400323,2024-12-04 20:00:00,Milwaukee,Bucks,1610612749,Atlanta,Hawks,1610612737,104,119,1610612737,642.0,17341.0,,
22400322,2024-12-04 19:30:00,Philadelphia,76ers,1610612755,Orlando,Magic,1610612753,102,106,1610612753,419.0,19851.0,,
22400321,2024-12-04 19:30:00,Miami,Heat,1610612748,Los Angeles,Lakers,1610612747,134,93,1610612748,1000100.0,19657.0,,
22400320,2024-12-04 19:30:00,Brooklyn,Nets,1610612751,Indiana,Pacers,1610612754,99,90,1610612751,461.0,16748.0,,
22400319,2024-12-04 19:30:00,Boston,Celtics,1610612738,Detroit,Pistons,1610612765,130,120,1610612738,17.0,19156.0,,
22400060,2024-12-03 22:30:00,Los Angeles,Clippers,1610612746,Portland,Trail Blazers,1610612757,127,105,1610612746,1000137.0,15583.0,,
22400059,2024-12-03 22:00:00,Sacramento,Kings,1610612758,Houston,Rockets,1610612745,120,111,1610612758,609.0,15019.0,,
22400058,2024-12-03 22:00:00,Denver,Nuggets,1610612743,Golden State,Warriors,1610612744,119,115,1610612743,1000046.0,19912.0,,
22400057,2024-12-03 21:00:00,Phoenix,Suns,1610612756,San Antonio,Spurs,1610612759,104,93,1610612756,1000051.0,17071.0,,
22400056,2024-12-03 20:30:00,Dallas,Mavericks,1610612742,Memphis,Grizzlies,1610612763,121,116,1610612742,193.0,20277.0,,
22400055,2024-12-03 20:00:00,Oklahoma City,Thunder,1610612760,Utah,Jazz,1610612762,133,106,1610612760,1000052.0,17711.0,,
22400054,2024-12-03 19:30:00,Toronto,Raptors,1610612761,Indiana,Pacers,1610612754,122,111,1610612761,643.0,17741.0,,
22400053,2024-12-03 19:30:00,New York,Knicks,1610612752,Orlando,Magic,1610612753,121,106,1610612752,30.0,19812.0,,
22400052,2024-12-03 19:00:00,Detroit,Pistons,1610612765,Milwaukee,Bucks,1610612749,107,128,1610612749,624.0,17988.0,,
22400051,2024-12-03 19:00:00,Cleveland,Cavaliers,1610612739,Washington,Wizards,1610612764,118,87,1610612739,1000006.0,19432.0,,
22400050,2024-12-03 19:00:00,Charlotte,Hornets,1610612766,Philadelphia,76ers,1610612755,104,110,1610612755,9.0,14956.0,,
22400318,2024-12-02 20:00:00,Minnesota,Timberwolves,1610612750,Los Angeles,Lakers,1610612747,109,80,1610612750,61.0,18978.0,,
22400317,2024-12-02 20:00:00,Chicago,Bulls,1610612741,Brooklyn,Nets,1610612751,128,102,1610612741,66.0,19131.0,,
22400316,2024-12-02 19:30:00,Boston,Celtics,1610612738,Miami,Heat,1610612748,108,89,1610612738,17.0,19156.0,,
22400315,2024-12-02 19:30:00,Atlanta,Hawks,1610612737,New Orleans,Pelicans,1610612740,124,112,1610612737,650.0,15034.0,,
22400314,2024-12-01 22:00:00,Los Angeles,Clippers,1610612746,Denver,Nuggets,1610612743,126,122,1610612746,1000137.0,16182.0,,
22400313,2024-12-01 21:00:00,Sacramento,Kings,1610612758,San Antonio,Spurs,1610612759,125,127,1610612759,609.0,16014.0,,
22400312,2024-12-01 21:00:00,Portland,Trail Blazers,1610612757,Dallas,Mavericks,1610612742,131,137,1610612742,51.0,16205.0,,
22400311,2024-12-01 20:00:00,Utah,Jazz,1610612762,Los Angeles,Lakers,1610612747,104,105,1610612747,1000106.0,18175.0,,
22400310,2024-12-01 19:00:00,Houston,Rockets,1610612745,Oklahoma City,Thunder,1610612760,119,116,1610612745,215.0,18055.0,,
22400309,2024-12-01 18:00:00,Toronto,Raptors,1610612761,Miami,Heat,1610612748,119,116,1610612761,643.0,18153.0,,
22400308,2024-12-01 18:00:00,New York,Knicks,1610612752,New Orleans,Pelicans,1610612740,118,85,1610612752,30.0,19812.0,,
22400307,2024-12-01 18:00:00,Cleveland,Cavaliers,1610612739,Boston,Celtics,1610612738,115,111,1610612739,1000006.0,19432.0,,
22400306,2024-12-01 15:30:00,Memphis,Grizzlies,1610612763,Indiana,Pacers,1610612754,136,121,1610612763,242.0,15901.0,,
22400305,2024-12-01 15:30:00,Brooklyn,Nets,1610612751,Orlando,Magic,1610612753,92,100,1610612753,461.0,16505.0,,
22400304,2024-11-30 21:30:00,Utah,Jazz,1610612762,Dallas,Mavericks,1610612742,94,106,1610612742,1000106.0,18175.0,,
22400303,2024-11-30 21:00:00,Phoenix,Suns,1610612756,Golden State,Warriors,1610612744,113,105,1610612756,1000051.0,17071.0,,
22400302,2024-11-30 20:00:00,Milwaukee,Bucks,1610612749,Washington,Wizards,1610612764,124,114,1610612749,642.0,17341.0,,
22400301,2024-11-30 19:00:00,Detroit,Pistons,1610612765,Philadelphia,76ers,1610612755,96,111,1610612755,624.0,22062.0,,
22400300,2024-11-30 18:00:00,Charlotte,Hornets,1610612766,Atlanta,Hawks,1610612737,104,107,1610612737,9.0,17969.0,,
22400049,2024-11-29 22:00:00,Portland,Trail Blazers,1610612757,Sacramento,Kings,1610612758,115,106,1610612757,51.0,17565.0,,
22400048,2024-11-29 22:00:00,Los Angeles,Lakers,1610612747,Oklahoma City,Thunder,1610612760,93,101,1610612760,1000069.0,18997.0,,
22400047,2024-11-29 20:00:00,Chicago,Bulls,1610612741,Boston,Celtics,1610612738,129,138,1610612738,66.0,19798.0,,
22400046,2024-11-29 20:00:00,Miami,Heat,1610612748,Toronto,Raptors,1610612761,121,111,1610612748,1000100.0,19607.0,,
22400045,2024-11-29 20:00:00,Indiana,Pacers,1610612754,Detroit,Pistons,1610612765,106,130,1610612765,1000063.0,17274.0,,
22400044,2024-11-29 19:30:00,Minnesota,Timberwolves,1610612750,Los Angeles,Clippers,1610612746,93,92,1610612750,61.0,18978.0,,
22400043,2024-11-29 19:30:00,Brooklyn,Nets,1610612751,Orlando,Magic,1610612753,100,123,1610612753,461.0,18143.0,,
22400042,2024-11-29 17:00:00,Memphis,Grizzlies,1610612763,New Orleans,Pelicans,1610612740,120,109,1610612763,242.0,17014.0,,
22400041,2024-11-29 14:30:00,Atlanta,Hawks,1610612737,Cleveland,Cavaliers,1610612739,117,101,1610612737,650.0,17881.0,,
22400040,2024-11-29 12:00:00,Charlotte,Hornets,1610612766,New York,Knicks,1610612752,98,99,1610612752,9.0,19313.0,,
22400299,2024-11-27 22:00:00,Golden State,Warriors,1610612744,Oklahoma City,Thunder,1610612760,101,105,1610612760,1000011.0,18064.0,,
22400298,2024-11-27 21:00:00,Utah,Jazz,1610612762,Denver,Nuggets,1610612743,103,122,1610612743,1000106.0,18175.0,,
22400297,2024-11-27 21:00:00,Phoenix,Suns,1610612756,Brooklyn,Nets,1610612751,117,127,1610612751,1000051.0,17071.0,,
22400296,2024-11-27 20:30:00,San Antonio,Spurs,1610612759,Los Angeles,Lakers,1610612747,101,119,1610612747,1000118.0,19120.0,,
22400295,2024-11-27 20:00:00,New Orleans,Pelicans,1610612740,Toronto,Raptors,1610612761,93,119,1610612761,160.0,17307.0,,
22400294,2024-11-27 20:00:00,Minnesota,Timberwolves,1610612750,Sacramento,Kings,1610612758,104,115,1610612758,61.0,18978.0,,
22400293,2024-11-27 20:00:00,Memphis,Grizzlies,1610612763,Detroit,Pistons,1610612765,131,111,1610612763,242.0,16261.0,,
22400292,2024-11-27 19:30:00,Dallas,Mavericks,1610612742,New York,Knicks,1610612752,129,114,1610612742,193.0,20413.0,,
22400291,2024-11-27 19:00:00,Washington,Wizards,1610612764,Los Angeles,Clippers,1610612746,96,121,1610612746,77.0,15066.0,,
22400290,2024-11-27 19:00:00,Philadelphia,76ers,1610612755,Houston,Rockets,1610612745,115,122,1610612745,419.0,19765.0,,
22400289,2024-11-27 19:00:00,Orlando,Magic,1610612753,Chicago,Bulls,1610612741,133,119,1610612753,1000125.0,18309.0,,
22400288,2024-11-27 19:00:00,Indiana,Pacers,1610612754,Portland,Trail Blazers,1610612757,121,114,1610612754,1000063.0,17274.0,,
22400287,2024-11-27 19:00:00,Cleveland,Cavaliers,1610612739,Atlanta,Hawks,1610612737,124,135,1610612737,1000006.0,19432.0,,
22400286,2024-11-27 19:00:00,Charlotte,Hornets,1610612766,Miami,Heat,1610612748,94,98,1610612748,9.0,17710.0,,
22400039,2024-11-26 22:00:00,Phoenix,Suns,1610612756,Los Angeles,Lakers,1610612747,127,100,1610612756,1000051.0,17071.0,,
22400038,2024-11-26 21:00:00,Utah,Jazz,1610612762,San Antonio,Spurs,1610612759,115,128,1610612759,1000106.0,18175.0,,
22400037,2024-11-26 20:00:00,Minnesota,Timberwolves,1610612750,Houston,Rockets,1610612745,111,117,1610612745,61.0,18978.0,,
22400036,2024-11-26 19:30:00,Miami,Heat,1610612748,Milwaukee,Bucks,1610612749,103,106,1610612749,1000100.0,19622.0,,
22400035,2024-11-26 19:00:00,Washington,Wizards,1610612764,Chicago,Bulls,1610612741,108,127,1610612741,77.0,15921.0,,
22400285,2024-11-25 22:00:00,Sacramento,Kings,1610612758,Oklahoma City,Thunder,1610612760,109,130,1610612760,609.0,17832.0,,
22400284,2024-11-25 22:00:00,Golden State,Warriors,1610612744,Brooklyn,Nets,1610612751,120,128,1610612751,1000011.0,18064.0,,
22400283,2024-11-25 21:00:00,Denver,Nuggets,1610612743,New York,Knicks,1610612752,118,145,1610612752,1000046.0,19842.0,,
22400282,2024-11-25 20:00:00,Memphis,Grizzlies,1610612763,Portland,Trail Blazers,1610612757,123,98,1610612763,242.0,15796.0,,
22400281,2024-11-25 19:30:00,Boston,Celtics,1610612738,Los Angeles,Clippers,1610612746,126,94,1610612738,17.0,19156.0,,
22400280,2024-11-25 19:30:00,Atlanta,Hawks,1610612737,Dallas,Mavericks,1610612742,119,129,1610612742,650.0,17186.0,,
22400279,2024-11-25 19:00:00,Indiana,Pacers,1610612754,New Orleans,Pelicans,1610612740,114,110,1610612754,1000063.0,16059.0,,
22400278,2024-11-25 19:00:00,Detroit,Pistons,1610612765,Toronto,Raptors,1610612761,102,100,1610612765,624.0,18421.0,,
22400277,2024-11-25 19:00:00,Charlotte,Hornets,1610612766,Orlando,Magic,1610612753,84,95,1610612753,9.0,14898.0,,
22400276,2024-11-24 21:00:00,Sacramento,Kings,1610612758,Brooklyn,Nets,1610612751,103,108,1610612751,609.0,16750.0,,
22400275,2024-11-24 19:30:00,Cleveland,Cavaliers,1610612739,Toronto,Raptors,1610612761,122,108,1610612739,1000006.0,19432.0,,
22400274,2024-11-24 18:00:00,Philadelphia,76ers,1610612755,Los Angeles,Clippers,1610612746,99,125,1610612746,419.0,19780.0,,
22400273,2024-11-24 18:00:00,Miami,Heat,1610612748,Dallas,Mavericks,1610612742,123,118,1610612748,1000100.0,19714.0,,
22400272,2024-11-24 17:00:00,Indiana,Pacers,1610612754,Washington,Wizards,1610612764,115,103,1610612754,1000063.0,17274.0,,
22400271,2024-11-24 15:30:00,Boston,Celtics,1610612738,Minnesota,Timberwolves,1610612750,107,105,1610612738,17.0,19156.0,,
22400270,2024-11-23 22:30:00,Los Angeles,Lakers,1610612747,Denver,Nuggets,1610612743,102,127,1610612743,1000069.0,18997.0,,
22400269,2024-11-23 20:30:00,San Antonio,Spurs,1610612759,Golden State,Warriors,1610612744,104,94,1610612759,1000118.0,18847.0,,
22400268,2024-11-23 20:00:00,Milwaukee,Bucks,1610612749,Charlotte,Hornets,1610612766,125,119,1610612749,642.0,17341.0,,
22400267,2024-11-23 20:00:00,Houston,Rockets,1610612745,Portland,Trail Blazers,1610612757,98,104,1610612757,215.0,16102.0,,
22400266,2024-11-23 20:00:00,Chicago,Bulls,1610612741,Memphis,Grizzlies,1610612763,131,142,1610612763,66.0,19449.0,,
22400265,2024-11-23 19:00:00,Orlando,Magic,1610612753,Detroit,Pistons,1610612765,111,100,1610612753,1000125.0,19094.0,,
22400264,2024-11-23 17:00:00,Utah,Jazz,1610612762,New York,Knicks,1610612752,121,106,1610612762,1000106.0,18175.0,,
22400034,2024-11-22 22:30:00,Los Angeles,Clippers,1610612746,Sacramento,Kings,1610612758,104,88,1610612746,1000137.0,16228.0,,
22400033,2024-11-22 22:00:00,Denver,Nuggets,1610612743,Dallas,Mavericks,1610612742,120,123,1610612742,1000046.0,19923.0,,
22400031,2024-11-22 20:00:00,Houston,Rockets,1610612745,Portland,Trail Blazers,1610612757,116,88,1610612745,215.0,15546.0,,
22400030,2024-11-22 20:00:00,Chicago,Bulls,1610612741,Atlanta,Hawks,1610612737,136,122,1610612741,66.0,19979.0,,
22400029,2024-11-22 20:00:00,Milwaukee,Bucks,1610612749,Indiana,Pacers,1610612754,129,117,1610612749,642.0,17341.0,,
22400032,2024-11-22 19:30:00,New Orleans,Pelicans,1610612740,Golden State,Warriors,1610612744,108,112,1610612744,160.0,16820.0,,
22400028,2024-11-22 19:00:00,Washington,Wizards,1610612764,Boston,Celtics,1610612738,96,108,1610612738,77.0,20385.0,,
22400027,2024-11-22 19:00:00,Philadelphia,76ers,1610612755,Brooklyn,Nets,1610612751,113,98,1610612755,419.0,19817.0,,
22400263,2024-11-21 22:30:00,Los Angeles,Lakers,1610612747,Orlando,Magic,1610612753,118,119,1610612753,1000069.0,18997.0,,
22400262,2024-11-21 20:00:00,San Antonio,Spurs,1610612759,Utah,Jazz,1610612762,126,118,1610612759,1000118.0,17087.0,,
22400261,2024-11-21 19:30:00,Toronto,Raptors,1610612761,Minnesota,Timberwolves,1610612750,110,105,1610612761,643.0,19296.0,,
22400260,2024-11-21 19:00:00,Charlotte,Hornets,1610612766,Detroit,Pistons,1610612765,123,121,1610612766,9.0,14671.0,,
22400259,2024-11-20 22:30:00,Los Angeles,Clippers,1610612746,Orlando,Magic,1610612753,104,93,1610612746,1000137.0,16563.0,,
22400258,2024-11-20 22:00:00,Golden State,Warriors,1610612744,Atlanta,Hawks,1610612737,120,97,1610612744,1000011.0,18064.0,,
22400257,2024-11-20 22:00:00,Phoenix,Suns,1610612756,New York,Knicks,1610612752,122,138,1610612752,1000051.0,17071.0,,
22400256,2024-11-20 20:00:00,Oklahoma City,Thunder,1610612760,Portland,Trail Blazers,1610612757,109,99,1610612760,1000052.0,17752.0,,
22400255,2024-11-20 20:00:00,Memphis,Grizzlies,1610612763,Philadelphia,76ers,1610612755,117,111,1610612763,242.0,15533.0,,
22400254,2024-11-20 20:00:00,Houston,Rockets,1610612745,Indiana,Pacers,1610612754,130,113,1610612745,215.0,16087.0,,
22400253,2024-11-20 19:30:00,Milwaukee,Bucks,1610612749,Chicago,Bulls,1610612741,122,106,1610612749,642.0,17341.0,,
22400252,2024-11-20 19:30:00,Cleveland,Cavaliers,1610612739,New Orleans,Pelicans,1610612740,128,100,1610612739,1000006.0,19432.0,,
22400026,2024-11-19 22:30:00,Los Angeles,Lakers,1610612747,Utah,Jazz,1610612762,124,118,1610612747,1000069.0,18997.0,,
22400025,2024-11-19 21:30:00,San Antonio,Spurs,1610612759,Oklahoma City,Thunder,1610612760,110,104,1610612759,1000118.0,16667.0,,
22400024,2024-11-19 20:30:00,Dallas,Mavericks,1610612742,New Orleans,Pelicans,1610612740,132,91,1610612742,193.0,20077.0,,
22400023,2024-11-19 20:00:00,Memphis,Grizzlies,1610612763,Denver,Nuggets,1610612743,110,122,1610612743,242.0,15377.0,,
22400022,2024-11-19 19:30:00,Brooklyn,Nets,1610612751,Charlotte,Hornets,1610612766,116,115,1610612751,461.0,18117.0,,
22400021,2024-11-19 19:00:00,Boston,Celtics,1610612738,Cleveland,Cavaliers,1610612739,120,117,1610612738,17.0,19156.0,,
22400251,2024-11-18 22:30:00,Los Angeles,Clippers,1610612746,Golden State,Warriors,1610612744,102,99,1610612746,1000137.0,17927.0,,
22400250,2024-11-18 22:00:00,Sacramento,Kings,1610612758,Atlanta,Hawks,1610612737,108,109,1610612737,609.0,16333.0,,
22400249,2024-11-18 21:00:00,Phoenix,Suns,1610612756,Orlando,Magic,1610612753,99,109,1610612753,1000051.0,17071.0,,
22400248,2024-11-18 20:00:00,Milwaukee,Bucks,1610612749,Houston,Rockets,1610612745,101,100,1610612749,642.0,17341.0,,
22400247,2024-11-18 19:30:00,Toronto,Raptors,1610612761,Indiana,Pacers,1610612754,130,119,1610612761,643.0,19025.0,,
22400246,2024-11-18 19:30:00,New York,Knicks,1610612752,Washington,Wizards,1610612764,134,106,1610612752,30.0,19812.0,,
22400245,2024-11-18 19:30:00,Miami,Heat,1610612748,Philadelphia,76ers,1610612755,106,89,1610612748,1000100.0,19608.0,,
22400244,2024-11-18 19:00:00,Detroit,Pistons,1610612765,Chicago,Bulls,1610612741,112,122,1610612741,624.0,0.0,,
22400243,2024-11-17 21:00:00,Los Angeles,Clippers,1610612746,Utah,Jazz,1610612762,116,105,1610612746,1000137.0,15500.0,,
22400242,2024-11-17 19:00:00,Oklahoma City,Thunder,1610612760,Dallas,Mavericks,1610612742,119,121,1610612742,1000052.0,18203.0,,
22400241,2024-11-17 19:00:00,Chicago,Bulls,1610612741,Houston,Rockets,1610612745,107,143,1610612745,66.0,20667.0,,
22400240,2024-11-17 19:00:00,New York,Knicks,1610612752,Brooklyn,Nets,1610612751,114,104,1610612752,30.0,19812.0,,
22400239,2024-11-17 18:00:00,Portland,Trail Blazers,1610612757,Atlanta,Hawks,1610612737,114,110,1610612757,51.0,17384.0,,
22400238,2024-11-17 18:00:00,Memphis,Grizzlies,1610612763,Denver,Nuggets,1610612743,105,90,1610612763,242.0,16351.0,,
22400237,2024-11-17 18:00:00,Washington,Wizards,1610612764,Detroit,Pistons,1610612765,104,124,1610612765,77.0,14789.0,,
22400236,2024-11-17 18:00:00,Cleveland,Cavaliers,1610612739,Charlotte,Hornets,1610612766,128,114,1610612739,1000006.0,19432.0,,
22400235,2024-11-17 17:00:00,Indiana,Pacers,1610612754,Miami,Heat,1610612748,119,110,1610612754,1000063.0,16184.0,,
22400234,2024-11-17 15:30:00,Minnesota,Timberwolves,1610612750,Phoenix,Suns,1610612756,120,117,1610612750,61.0,18978.0,,
22400233,2024-11-16 22:00:00,Sacramento,Kings,1610612758,Utah,Jazz,1610612762,121,117,1610612758,609.0,16568.0,,
22400232,2024-11-16 20:30:00,Dallas,Mavericks,1610612742,San Antonio,Spurs,1610612759,110,93,1610612742,193.0,20311.0,,
22400231,2024-11-16 20:00:00,New Orleans,Pelicans,1610612740,Los Angeles,Lakers,1610612747,99,104,1610612747,160.0,18761.0,,
22400230,2024-11-16 20:00:00,Boston,Celtics,1610612738,Toronto,Raptors,1610612761,126,123,1610612738,17.0,19156.0,,
22400229,2024-11-16 15:00:00,Charlotte,Hornets,1610612766,Milwaukee,Bucks,1610612749,115,114,1610612766,9.0,19145.0,,
22400020,2024-11-15 22:00:00,Sacramento,Kings,1610612758,Minnesota,Timberwolves,1610612750,126,130,1610612750,609.0,16478.0,,
22400019,2024-11-15 22:00:00,Golden State,Warriors,1610612744,Memphis,Grizzlies,1610612763,123,118,1610612744,1000011.0,18064.0,,
22400018,2024-11-15 20:00:00,Oklahoma City,Thunder,1610612760,Phoenix,Suns,1610612756,99,83,1610612760,1000052.0,18203.0,,
22400017,2024-11-15 20:00:00,New Orleans,Pelicans,1610612740,Denver,Nuggets,1610612743,101,94,1610612740,160.0,16137.0,,
22400016,2024-11-15 20:00:00,Houston,Rockets,1610612745,Los Angeles,Clippers,1610612746,125,104,1610612745,215.0,18055.0,,
22400015,2024-11-15 19:30:00,San Antonio,Spurs,1610612759,Los Angeles,Lakers,1610612747,115,120,1610612747,1000118.0,18916.0,,
22400014,2024-11-15 19:30:00,New York,Knicks,1610612752,Brooklyn,Nets,1610612751,124,122,1610612752,30.0,19812.0,,
22400013,2024-11-15 19:30:00,Cleveland,Cavaliers,1610612739,Chicago,Bulls,1610612741,144,126,1610612739,1000006.0,19432.0,,
22400012,2024-11-15 19:30:00,Atlanta,Hawks,1610612737,Washington,Wizards,1610612764,129,117,1610612737,650.0,16038.0,,
22400011,2024-11-15 19:00:00,Toronto,Raptors,1610612761,Detroit,Pistons,1610612765,95,99,1610612765,643.0,19245.0,,
22400010,2024-11-15 19:00:00,Orlando,Magic,1610612753,Philadelphia,76ers,1610612755,98,86,1610612753,1000125.0,17843.0,,
22400009,2024-11-15 19:00:00,Indiana,Pacers,1610612754,Miami,Heat,1610612748,111,124,1610612748,1000063.0,17274.0,,
22400228,2024-11-14 21:00:00,Utah,Jazz,1610612762,Dallas,Mavericks,1610612742,115,113,1610612762,1000106.0,18175.0,,
22400227,2024-11-13 22:00:00,Sacramento,Kings,1610612758,Phoenix,Suns,1610612756,127,104,1610612758,609.0,16204.0,,
22400226,2024-11-13 22:00:00,Portland,Trail Blazers,1610612757,Minnesota,Timberwolves,1610612750,106,98,1610612757,51.0,17353.0,,
22400225,2024-11-13 22:00:00,Los Angeles,Lakers,1610612747,Memphis,Grizzlies,1610612763,128,123,1610612747,1000069.0,18997.0,,
22400224,2024-11-13 20:00:00,San Antonio,Spurs,1610612759,Washington,Wizards,1610612764,139,130,1610612759,1000118.0,16602.0,,
22400223,2024-11-13 20:00:00,Milwaukee,Bucks,1610612749,Detroit,Pistons,1610612765,127,120,1610612749,642.0,17341.0,,
22400222,2024-11-13 20:00:00,Houston,Rockets,1610612745,Los Angeles,Clippers,1610612746,111,103,1610612745,215.0,16493.0,,
22400221,2024-11-13 19:30:00,Oklahoma City,Thunder,1610612760,New Orleans,Pelicans,1610612740,106,88,1610612760,1000052.0,17180.0,,
22400220,2024-11-13 19:30:00,Philadelphia,76ers,1610612755,Cleveland,Cavaliers,1610612739,106,114,1610612739,419.0,19777.0,,
22400219,2024-11-13 19:30:00,New York,Knicks,1610612752,Chicago,Bulls,1610612741,123,124,1610612741,30.0,19812.0,,
22400218,2024-11-13 19:30:00,Brooklyn,Nets,1610612751,Boston,Celtics,1610612738,114,139,1610612738,461.0,18112.0,,
22400217,2024-11-13 19:00:00,Orlando,Magic,1610612753,Indiana,Pacers,1610612754,94,90,1610612753,1000125.0,17087.0,,
22400008,2024-11-12 22:00:00,Portland,Trail Blazers,1610612757,Minnesota,Timberwolves,1610612750,122,108,1610612757,51.0,16880.0,,
22400007,2024-11-12 22:00:00,Golden State,Warriors,1610612744,Dallas,Mavericks,1610612742,120,117,1610612744,1000011.0,18064.0,,
22400006,2024-11-12 21:00:00,Utah,Jazz,1610612762,Phoenix,Suns,1610612756,112,120,1610612756,1000106.0,18175.0,,
22400005,2024-11-12 20:00:00,Milwaukee,Bucks,1610612749,Toronto,Raptors,1610612761,99,85,1610612749,642.0,17341.0,,
22400004,2024-11-12 19:30:00,Philadelphia,76ers,1610612755,New York,Knicks,1610612752,99,111,1610612752,419.0,19758.0,,
22400003,2024-11-12 19:00:00,Orlando,Magic,1610612753,Charlotte,Hornets,1610612766,114,89,1610612753,1000125.0,17541.0,,
22400002,2024-11-12 19:00:00,Detroit,Pistons,1610612765,Miami,Heat,1610612748,123,121,1610612765,624.0,17806.0,,
22400001,2024-11-12 19:00:00,Boston,Celtics,1610612738,Atlanta,Hawks,1610612737,116,117,1610612737,17.0,19156.0,,
22400216,2024-11-11 20:00:00,San Antonio,Spurs,1610612759,Sacramento,Kings,1610612758,116,96,1610612759,1000118.0,17163.0,,
22400215,2024-11-11 20:00:00,Oklahoma City,Thunder,1610612760,Los Angeles,Clippers,1610612746,134,128,1610612760,1000052.0,17430.0,,
22400214,2024-11-11 20:00:00,New Orleans,Pelicans,1610612740,Brooklyn,Nets,1610612751,105,107,1610612751,160.0,16895.0,,
22400213,2024-11-11 20:00:00,Houston,Rockets,1610612745,Washington,Wizards,1610612764,107,92,1610612745,215.0,15998.0,,
22400212,2024-11-11 20:00:00,Chicago,Bulls,1610612741,Cleveland,Cavaliers,1610612739,113,119,1610612739,66.0,20560.0,,
22400211,2024-11-10 21:30:00,Los Angeles,Lakers,1610612747,Toronto,Raptors,1610612761,123,103,1610612747,1000069.0,18997.0,,
22400210,2024-11-10 21:00:00,Portland,Trail Blazers,1610612757,Memphis,Grizzlies,1610612763,89,134,1610612763,51.0,18477.0,,
22400209,2024-11-10 20:00:00,Phoenix,Suns,1610612756,Sacramento,Kings,1610612758,118,127,1610612758,1000051.0,17071.0,,
22400208,2024-11-10 20:00:00,Denver,Nuggets,1610612743,Dallas,Mavericks,1610612742,122,120,1610612743,1000046.0,19908.0,,
22400207,2024-11-10 19:00:00,Oklahoma City,Thunder,1610612760,Golden State,Warriors,1610612744,116,127,1610612744,1000052.0,18203.0,,
22400206,2024-11-10 19:00:00,Minnesota,Timberwolves,1610612750,Miami,Heat,1610612748,94,95,1610612748,61.0,18978.0,,
22400205,2024-11-10 19:00:00,Philadelphia,76ers,1610612755,Charlotte,Hornets,1610612766,107,105,1610612755,419.0,19764.0,,
22400204,2024-11-10 18:00:00,Orlando,Magic,1610612753,Washington,Wizards,1610612764,121,94,1610612753,1000125.0,18352.0,,
22400203,2024-11-10 17:00:00,Indiana,Pacers,1610612754,New York,Knicks,1610612752,132,121,1610612754,1000063.0,17274.0,,
22400202,2024-11-10 15:30:00,Milwaukee,Bucks,1610612749,Boston,Celtics,1610612738,107,113,1610612738,642.0,17341.0,,
22400201,2024-11-10 15:00:00,Detroit,Pistons,1610612765,Houston,Rockets,1610612745,99,101,1610612745,624.0,18744.0,,
22400200,2024-11-09 22:30:00,Los Angeles,Clippers,1610612746,Toronto,Raptors,1610612761,105,103,1610612746,1000137.0,17927.0,,
22400199,2024-11-09 19:30:00,Cleveland,Cavaliers,1610612739,Brooklyn,Nets,1610612751,105,100,1610612739,1000006.0,19432.0,,
22400198,2024-11-09 19:30:00,Atlanta,Hawks,1610612737,Chicago,Bulls,1610612741,113,125,1610612741,650.0,17826.0,,
22400197,2024-11-09 17:00:00,San Antonio,Spurs,1610612759,Utah,Jazz,1610612762,110,111,1610612762,1000118.0,18354.0,,
22400196,2024-11-08 22:00:00,Sacramento,Kings,1610612758,Los Angeles,Clippers,1610612746,98,107,1610612746,609.0,17832.0,,
22400195,2024-11-08 22:00:00,Los Angeles,Lakers,1610612747,Philadelphia,76ers,1610612755,116,106,1610612747,1000069.0,18485.0,,
22400194,2024-11-08 21:00:00,Denver,Nuggets,1610612743,Miami,Heat,1610612748,135,122,1610612743,1000046.0,19621.0,,
22400193,2024-11-08 21:00:00,Minnesota,Timberwolves,1610612750,Portland,Trail Blazers,1610612757,127,102,1610612750,61.0,18978.0,,
22400192,2024-11-08 20:00:00,Oklahoma City,Thunder,1610612760,Houston,Rockets,1610612745,126,107,1610612760,1000052.0,18203.0,,
22400191,2024-11-08 20:00:00,Memphis,Grizzlies,1610612763,Washington,Wizards,1610612764,128,104,1610612763,242.0,16216.0,,
22400190,2024-11-08 19:30:00,Dallas,Mavericks,1610612742,Phoenix,Suns,1610612756,113,114,1610612756,193.0,20277.0,,
22400189,2024-11-08 19:30:00,New York,Knicks,1610612752,Milwaukee,Bucks,1610612749,116,94,1610612752,30.0,19812.0,,
22400188,2024-11-08 19:30:00,Cleveland,Cavaliers,1610612739,Golden State,Warriors,1610612744,136,117,1610612739,1000006.0,19432.0,,
22400187,2024-11-08 19:30:00,Boston,Celtics,1610612738,Brooklyn,Nets,1610612751,108,104,1610612738,17.0,19156.0,,
22400186,2024-11-08 19:00:00,Orlando,Magic,1610612753,New Orleans,Pelicans,1610612740,115,88,1610612753,1000125.0,18565.0,,
22400185,2024-11-08 19:00:00,Detroit,Pistons,1610612765,Atlanta,Hawks,1610612737,122,121,1610612765,624.0,17913.0,,
22400184,2024-11-08 19:00:00,Charlotte,Hornets,1610612766,Indiana,Pacers,1610612754,103,83,1610612766,9.0,17024.0,,
22400183,2024-11-07 20:00:00,San Antonio,Spurs,1610612759,Portland,Trail Blazers,1610612757,118,105,1610612759,1000118.0,17120.0,,
22400182,2024-11-07 20:00:00,Milwaukee,Bucks,1610612749,Utah,Jazz,1610612762,123,100,1610612749,642.0,17341.0,,
22400181,2024-11-07 20:00:00,Chicago,Bulls,1610612741,Minnesota,Timberwolves,1610612750,119,135,1610612750,66.0,19621.0,,
22400180,2024-11-06 22:00:00,Sacramento,Kings,1610612758,Toronto,Raptors,1610612761,122,107,1610612758,609.0,16026.0,,
22400179,2024-11-06 22:00:00,Los Angeles,Clippers,1610612746,Philadelphia,76ers,1610612755,110,98,1610612746,1000137.0,15627.0,,
22400178,2024-11-06 21:00:00,Phoenix,Suns,1610612756,Miami,Heat,1610612748,115,112,1610612756,1000051.0,17071.0,,
22400177,2024-11-06 21:00:00,Denver,Nuggets,1610612743,Oklahoma City,Thunder,1610612760,124,122,1610612743,1000046.0,19522.0,,
22400176,2024-11-06 20:30:00,Dallas,Mavericks,1610612742,Chicago,Bulls,1610612741,119,99,1610612742,193.0,20011.0,,
22400175,2024-11-06 20:00:00,New Orleans,Pelicans,1610612740,Cleveland,Cavaliers,1610612739,122,131,1610612739,160.0,15694.0,,
22400174,2024-11-06 20:00:00,Memphis,Grizzlies,1610612763,Los Angeles,Lakers,1610612747,131,114,1610612763,242.0,17794.0,,
22400173,2024-11-06 20:00:00,Houston,Rockets,1610612745,San Antonio,Spurs,1610612759,127,100,1610612745,215.0,16208.0,,
22400172,2024-11-06 19:30:00,Boston,Celtics,1610612738,Golden State,Warriors,1610612744,112,118,1610612744,17.0,19156.0,,
22400171,2024-11-06 19:30:00,Atlanta,Hawks,1610612737,New York,Knicks,1610612752,121,116,1610612737,650.0,16072.0,,
22400170,2024-11-06 19:00:00,Indiana,Pacers,1610612754,Orlando,Magic,1610612753,118,111,1610612754,1000063.0,16218.0,,
22400169,2024-11-06 19:00:00,Charlotte,Hornets,1610612766,Detroit,Pistons,1610612765,108,107,1610612766,9.0,13247.0,,
22400168,2024-11-04 22:30:00,Los Angeles,Clippers,1610612746,San Antonio,Spurs,1610612759,113,104,1610612746,1000137.0,15927.0,,
22400167,2024-11-04 22:15:00,Phoenix,Suns,1610612756,Philadelphia,76ers,1610612755,118,116,1610612756,1000051.0,17071.0,,
22400166,2024-11-04 22:00:00,Denver,Nuggets,1610612743,Toronto,Raptors,1610612761,121,119,1610612743,1000046.0,19525.0,,
22400165,2024-11-04 21:45:00,Dallas,Mavericks,1610612742,Indiana,Pacers,1610612754,127,134,1610612754,193.0,19613.0,,
22400164,2024-11-04 21:30:00,New Orleans,Pelicans,1610612740,Portland,Trail Blazers,1610612757,100,118,1610612757,160.0,14932.0,,
22400163,2024-11-04 21:15:00,Oklahoma City,Thunder,1610612760,Orlando,Magic,1610612753,102,86,1610612760,1000052.0,17044.0,,
22400162,2024-11-04 21:00:00,Minnesota,Timberwolves,1610612750,Charlotte,Hornets,1610612766,114,93,1610612750,61.0,18978.0,,
22400161,2024-11-04 20:45:00,Houston,Rockets,1610612745,New York,Knicks,1610612752,109,97,1610612745,215.0,16417.0,,
22400160,2024-11-04 20:30:00,Chicago,Bulls,1610612741,Utah,Jazz,1610612762,126,135,1610612762,66.0,19621.0,,
22400159,2024-11-04 20:15:00,Miami,Heat,1610612748,Sacramento,Kings,1610612758,110,111,1610612758,1000100.0,19604.0,,
22400158,2024-11-04 20:00:00,Brooklyn,Nets,1610612751,Memphis,Grizzlies,1610612763,106,104,1610612751,461.0,18088.0,,
22400157,2024-11-04 19:45:00,Atlanta,Hawks,1610612737,Boston,Celtics,1610612738,93,123,1610612738,650.0,15031.0,,
22400156,2024-11-04 19:30:00,Detroit,Pistons,1610612765,Los Angeles,Lakers,1610612747,115,103,1610612765,624.0,20062.0,,
22400155,2024-11-04 19:15:00,Washington,Wizards,1610612764,Golden State,Warriors,1610612744,112,125,1610612744,77.0,15674.0,,
22400154,2024-11-04 19:00:00,Cleveland,Cavaliers,1610612739,Milwaukee,Bucks,1610612749,116,114,1610612739,1000006.0,19432.0,,
22400153,2024-11-03 19:30:00,Dallas,Mavericks,1610612742,Orlando,Magic,1610612753,108,85,1610612742,193.0,19977.0,,
22400152,2024-11-03 19:00:00,New Orleans,Pelicans,1610612740,Atlanta,Hawks,1610612737,111,126,1610612737,160.0,15505.0,,
22400151,2024-11-03 15:30:00,Brooklyn,Nets,1610612751,Detroit,Pistons,1610612765,92,106,1610612765,461.0,17086.0,,
22400150,2024-11-02 22:30:00,Los Angeles,Clippers,1610612746,Oklahoma City,Thunder,1610612760,92,105,1610612760,1000137.0,16827.0,,
22400149,2024-11-02 22:00:00,Phoenix,Suns,1610612756,Portland,Trail Blazers,1610612757,103,97,1610612756,1000051.0,17071.0,,
22400148,2024-11-02 22:00:00,Denver,Nuggets,1610612743,Utah,Jazz,1610612762,129,103,1610612743,1000046.0,19702.0,,
22400147,2024-11-02 21:30:00,Washington,Wizards,1610612764,Miami,Heat,1610612748,98,118,1610612748,1000121.0,20328.0,,
22400146,2024-11-02 20:00:00,San Antonio,Spurs,1610612759,Minnesota,Timberwolves,1610612750,113,103,1610612759,1000118.0,18527.0,,
22400145,2024-11-02 20:00:00,Milwaukee,Bucks,1610612749,Cleveland,Cavaliers,1610612739,113,114,1610612739,642.0,17341.0,,
22400144,2024-11-02 20:00:00,Houston,Rockets,1610612745,Golden State,Warriors,1610612744,121,127,1610612744,215.0,18055.0,,
22400143,2024-11-02 19:30:00,Toronto,Raptors,1610612761,Sacramento,Kings,1610612758,131,128,1610612761,643.0,19815.0,,
22400142,2024-11-02 19:30:00,Philadelphia,76ers,1610612755,Memphis,Grizzlies,1610612763,107,124,1610612763,419.0,20066.0,,
22400141,2024-11-02 18:00:00,Charlotte,Hornets,1610612766,Boston,Celtics,1610612738,103,113,1610612738,9.0,19253.0,,
22400140,2024-11-01 22:00:00,Portland,Trail Blazers,1610612757,Oklahoma City,Thunder,1610612760,114,137,1610612760,51.0,17815.0,,
22400139,2024-11-01 21:30:00,Minnesota,Timberwolves,1610612750,Denver,Nuggets,1610612743,119,116,1610612750,61.0,18978.0,,
22400138,2024-11-01 20:00:00,New Orleans,Pelicans,1610612740,Indiana,Pacers,1610612754,125,118,1610612740,160.0,15133.0,,
22400137,2024-11-01 19:30:00,Toronto,Raptors,1610612761,Los Angeles,Lakers,1610612747,125,131,1610612747,643.0,19800.0,,
22400136,2024-11-01 19:30:00,Brooklyn,Nets,1610612751,Chicago,Bulls,1610612741,120,112,1610612751,461.0,17977.0,,
22400135,2024-11-01 19:30:00,Atlanta,Hawks,1610612737,Sacramento,Kings,1610612758,115,123,1610612758,650.0,15156.0,,
22400134,2024-11-01 19:00:00,Detroit,Pistons,1610612765,New York,Knicks,1610612752,98,128,1610612752,624.0,17022.0,,
22400133,2024-11-01 19:00:00,Cleveland,Cavaliers,1610612739,Orlando,Magic,1610612753,120,109,1610612739,1000006.0,19432.0,,
22400132,2024-11-01 19:00:00,Charlotte,Hornets,1610612766,Boston,Celtics,1610612738,109,124,1610612738,9.0,18557.0,,
22400131,2024-10-31 22:30:00,Los Angeles,Clippers,1610612746,Phoenix,Suns,1610612756,119,125,1610612756,1000137.0,16827.0,,
22400130,2024-10-31 21:00:00,Utah,Jazz,1610612762,San Antonio,Spurs,1610612759,88,106,1610612759,1000106.0,18175.0,,
22400129,2024-10-31 20:30:00,Dallas,Mavericks,1610612742,Houston,Rockets,1610612745,102,108,1610612745,193.0,20011.0,,
22400128,2024-10-31 20:00:00,Memphis,Grizzlies,1610612763,Milwaukee,Bucks,1610612749,122,99,1610612763,242.0,15377.0,,
22400127,2024-10-30 22:30:00,Los Angeles,Clippers,1610612746,Portland,Trail Blazers,1610612757,105,106,1610612757,1000137.0,16727.0,,
22400126,2024-10-30 22:00:00,Golden State,Warriors,1610612744,New Orleans,Pelicans,1610612740,104,89,1610612744,1000011.0,18064.0,,
22400125,2024-10-30 21:30:00,Oklahoma City,Thunder,1610612760,San Antonio,Spurs,1610612759,105,93,1610612760,1000052.0,17136.0,,
22400124,2024-10-30 20:00:00,Memphis,Grizzlies,1610612763,Brooklyn,Nets,1610612751,106,119,1610612751,242.0,14745.0,,
22400123,2024-10-30 20:00:00,Chicago,Bulls,1610612741,Orlando,Magic,1610612753,102,99,1610612741,66.0,19015.0,,
22400122,2024-10-30 19:30:00,Miami,Heat,1610612748,New York,Knicks,1610612752,107,116,1610612752,1000100.0,19620.0,,
22400121,2024-10-30 19:00:00,Washington,Wizards,1610612764,Atlanta,Hawks,1610612737,133,120,1610612764,77.0,14255.0,,
22400120,2024-10-30 19:00:00,Philadelphia,76ers,1610612755,Detroit,Pistons,1610612765,95,105,1610612765,419.0,19759.0,,
22400119,2024-10-30 19:00:00,Indiana,Pacers,1610612754,Boston,Celtics,1610612738,135,132,1610612754,1000063.0,17274.0,,
22400118,2024-10-30 19:00:00,Cleveland,Cavaliers,1610612739,Los Angeles,Lakers,1610612747,134,110,1610612739,1000006.0,19432.0,,
22400117,2024-10-30 19:00:00,Charlotte,Hornets,1610612766,Toronto,Raptors,1610612761,138,133,1610612766,9.0,13113.0,,
22400116,2024-10-29 22:00:00,Golden State,Warriors,1610612744,New Orleans,Pelicans,1610612740,124,106,1610612744,1000011.0,18064.0,,
22400115,2024-10-29 21:00:00,Utah,Jazz,1610612762,Sacramento,Kings,1610612758,96,113,1610612758,1000106.0,18175.0,,
22400114,2024-10-29 19:30:00,Minnesota,Timberwolves,1610612750,Dallas,Mavericks,1610612742,114,120,1610612742,61.0,18978.0,,
22400113,2024-10-29 19:30:00,Brooklyn,Nets,1610612751,Denver,Nuggets,1610612743,139,144,1610612743,461.0,17926.0,,
22400112,2024-10-28 22:00:00,Sacramento,Kings,1610612758,Portland,Trail Blazers,1610612757,111,98,1610612758,609.0,16426.0,,
22400111,2024-10-28 22:00:00,Phoenix,Suns,1610612756,Los Angeles,Lakers,1610612747,109,105,1610612756,1000051.0,17071.0,,
22400110,2024-10-28 20:30:00,Dallas,Mavericks,1610612742,Utah,Jazz,1610612762,110,102,1610612742,193.0,19811.0,,
22400109,2024-10-28 20:00:00,San Antonio,Spurs,1610612759,Houston,Rockets,1610612745,101,106,1610612745,1000118.0,17519.0,,
22400108,2024-10-28 20:00:00,Memphis,Grizzlies,1610612763,Chicago,Bulls,1610612741,123,126,1610612741,242.0,15906.0,,
22400107,2024-10-28 19:30:00,Toronto,Raptors,1610612761,Denver,Nuggets,1610612743,125,127,1610612743,643.0,19082.0,,
22400106,2024-10-28 19:30:00,New York,Knicks,1610612752,Cleveland,Cavaliers,1610612739,104,110,1610612739,30.0,19812.0,,
22400105,2024-10-28 19:30:00,Miami,Heat,1610612748,Detroit,Pistons,1610612765,106,98,1610612748,1000100.0,19626.0,,
22400104,2024-10-28 19:30:00,Boston,Celtics,1610612738,Milwaukee,Bucks,1610612749,119,108,1610612738,17.0,19156.0,,
22400103,2024-10-28 19:30:00,Atlanta,Hawks,1610612737,Washington,Wizards,1610612764,119,121,1610612764,650.0,14566.0,,
22400102,2024-10-28 19:00:00,Orlando,Magic,1610612753,Indiana,Pacers,1610612754,119,115,1610612753,1000125.0,18846.0,,
22400101,2024-10-27 20:30:00,Golden State,Warriors,1610612744,Los Angeles,Clippers,1610612746,104,112,1610612746,1000011.0,18064.0,,
22400100,2024-10-27 19:00:00,Oklahoma City,Thunder,1610612760,Atlanta,Hawks,1610612737,128,104,1610612760,1000052.0,18203.0,,
22400099,2024-10-27 18:00:00,Portland,Trail Blazers,1610612757,New Orleans,Pelicans,1610612740,125,103,1610612757,51.0,16138.0,,
22400098,2024-10-27 18:00:00,Brooklyn,Nets,1610612751,Milwaukee,Bucks,1610612749,115,102,1610612751,461.0,17926.0,,
22400097,2024-10-27 15:30:00,Indiana,Pacers,1610612754,Philadelphia,76ers,1610612755,114,118,1610612755,1000063.0,17274.0,,
22400096,2024-10-26 22:30:00,Los Angeles,Lakers,1610612747,Sacramento,Kings,1610612758,131,127,1610612747,1000069.0,18997.0,,
22400095,2024-10-26 22:00:00,Phoenix,Suns,1610612756,Dallas,Mavericks,1610612742,114,102,1610612756,1000051.0,17071.0,,
22400094,2024-10-26 20:30:00,San Antonio,Spurs,1610612759,Houston,Rockets,1610612745,109,106,1610612759,1000118.0,18715.0,,
22400093,2024-10-26 20:00:00,Minnesota,Timberwolves,1610612750,Toronto,Raptors,1610612761,112,101,1610612750,61.0,18978.0,,
22400092,2024-10-26 20:00:00,Memphis,Grizzlies,1610612763,Orlando,Magic,1610612753,124,111,1610612763,242.0,17809.0,,
22400091,2024-10-26 20:00:00,Chicago,Bulls,1610612741,Oklahoma City,Thunder,1610612760,95,114,1610612760,66.0,20923.0,,
22400090,2024-10-26 19:00:00,Washington,Wizards,1610612764,Cleveland,Cavaliers,1610612739,116,135,1610612739,77.0,15156.0,,
22400089,2024-10-26 19:00:00,Detroit,Pistons,1610612765,Boston,Celtics,1610612738,118,124,1610612738,624.0,19311.0,,
22400088,2024-10-26 19:00:00,Charlotte,Hornets,1610612766,Miami,Heat,1610612748,106,114,1610612748,9.0,19102.0,,
22400087,2024-10-26 17:00:00,Denver,Nuggets,1610612743,Los Angeles,Clippers,1610612746,104,109,1610612746,1000046.0,19691.0,,
22400086,2024-10-25 22:00:00,Portland,Trail Blazers,1610612757,New Orleans,Pelicans,1610612740,103,105,1610612740,51.0,16190.0,,
22400085,2024-10-25 22:00:00,Los Angeles,Lakers,1610612747,Phoenix,Suns,1610612756,123,116,1610612747,1000069.0,18997.0,,
22400084,2024-10-25 21:30:00,Utah,Jazz,1610612762,Golden State,Warriors,1610612744,86,127,1610612744,1000106.0,18175.0,,
22400083,2024-10-25 20:00:00,Milwaukee,Bucks,1610612749,Chicago,Bulls,1610612741,122,133,1610612741,642.0,17790.0,,
22400082,2024-10-25 20:00:00,Houston,Rockets,1610612745,Memphis,Grizzlies,1610612763,128,108,1610612745,215.0,18055.0,,
22400081,2024-10-25 19:30:00,New York,Knicks,1610612752,Indiana,Pacers,1610612754,123,98,1610612752,30.0,19812.0,,
22400080,2024-10-25 19:30:00,Cleveland,Cavaliers,1610612739,Detroit,Pistons,1610612765,113,101,1610612739,1000006.0,19432.0,,
22400079,2024-10-25 19:30:00,Atlanta,Hawks,1610612737,Charlotte,Hornets,1610612766,125,120,1610612737,650.0,14433.0,,
22400078,2024-10-25 19:00:00,Toronto,Raptors,1610612761,Philadelphia,76ers,1610612755,115,107,1610612761,643.0,18345.0,,
22400077,2024-10-25 19:00:00,Orlando,Magic,1610612753,Brooklyn,Nets,1610612751,116,101,1610612753,1000125.0,19087.0,,
22400076,2024-10-24 22:00:00,Sacramento,Kings,1610612758,Minnesota,Timberwolves,1610612750,115,117,1610612750,609.0,18049.0,,
22400075,2024-10-24 22:00:00,Denver,Nuggets,1610612743,Oklahoma City,Thunder,1610612760,87,102,1610612760,1000046.0,19786.0,,
22400074,2024-10-24 19:30:00,Dallas,Mavericks,1610612742,San Antonio,Spurs,1610612759,120,109,1610612742,193.0,20373.0,,
22400073,2024-10-24 19:00:00,Washington,Wizards,1610612764,Boston,Celtics,1610612738,102,122,1610612738,77.0,18610.0,,
22400072,2024-10-23 22:00:00,Portland,Trail Blazers,1610612757,Golden State,Warriors,1610612744,104,140,1610612744,51.0,19480.0,,
22400071,2024-10-23 22:00:00,Los Angeles,Clippers,1610612746,Phoenix,Suns,1610612756,113,116,1610612756,1000137.0,17927.0,,
22400070,2024-10-23 21:00:00,Utah,Jazz,1610612762,Memphis,Grizzlies,1610612763,124,126,1610612763,1000106.0,18175.0,,
22400069,2024-10-23 20:00:00,New Orleans,Pelicans,1610612740,Chicago,Bulls,1610612741,123,111,1610612740,160.0,18581.0,,
22400068,2024-10-23 20:00:00,Houston,Rockets,1610612745,Charlotte,Hornets,1610612766,105,110,1610612766,215.0,18055.0,,
22400067,2024-10-23 19:30:00,Toronto,Raptors,1610612761,Cleveland,Cavaliers,1610612739,106,136,1610612739,643.0,19800.0,,
22400066,2024-10-23 19:30:00,Philadelphia,76ers,1610612755,Milwaukee,Bucks,1610612749,109,124,1610612749,419.0,19754.0,,
22400065,2024-10-23 19:30:00,Miami,Heat,1610612748,Orlando,Magic,1610612753,97,116,1610612753,1000100.0,19630.0,,
22400064,2024-10-23 19:30:00,Atlanta,Hawks,1610612737,Brooklyn,Nets,1610612751,120,116,1610612737,650.0,17548.0,,
22400063,2024-10-23 19:00:00,Detroit,Pistons,1610612765,Indiana,Pacers,1610612754,109,115,1610612754,624.0,20062.0,,
22400062,2024-10-22 22:00:00,Los Angeles,Lakers,1610612747,Minnesota,Timberwolves,1610612750,110,103,1610612747,1000069.0,18997.0,,
22400061,2024-10-22 19:30:00,Boston,Celtics,1610612738,New York,Knicks,1610612752,132,109,1610612738,17.0,19156.0,,